NAME,NAME OVERRIDE,MAP URL,METRAID,WMOID,BOMID,STATE_NAME
Tuggeranong (Isabella Plains) Aws,Tuggeranong — Isabella Plains,"https://www.google.com/maps?q=-35.4184,149.0937",94925,94925,70339,Australian Capital Territory
Canberra Airport,Canberra Airport,"https://www.google.com/maps?q=-35.3088,149.2004",94926,94926,70351,Australian Capital Territory
Inverell Research Centre,Inverell,"https://www.google.com/maps?q=-29.7752,151.082",94541,94541,56018,New South Wales
Lismore Airport Aws,Lismore,"https://www.google.com/maps?q=-28.8305,153.2601",94572,94572,58214,New South Wales
Casino Airport Aws,Casino,"https://www.google.com/maps?q=-28.8824,153.0618",94573,94573,58208,New South Wales
Glen Innes Airport Aws,Glen Innes,"https://www.google.com/maps?q=-29.678,151.694",94588,94588,56243,New South Wales
Yamba Pilot Station,Yamba,"https://www.google.com/maps?q=-29.4325,153.3632",94589,94589,58012,New South Wales
Coolangatta,Coolangatta,"https://www.google.com/maps?q=-28.1681,153.5053",94592,94592,40717,New South Wales
Ballina Airport Aws,Ballina,"https://www.google.com/maps?q=-28.8353,153.5585",94596,94596,58198,New South Wales
Evans Head Raaf Bombing Range Aws,Evans Head — RAAF Bombing Range,"https://www.google.com/maps?q=-29.183,153.3964",94598,94598,58212,New South Wales
Cape Byron Aws,Cape Byron,"https://www.google.com/maps?q=-28.6399,153.6358",94599,94599,58216,New South Wales
Fowlers Gap Aws,Fowlers Gap,"https://www.google.com/maps?q=-31.0863,141.7008",94686,94686,46128,New South Wales
Broken Hill Airport Aws,Broken Hill,"https://www.google.com/maps?q=-32.0012,141.4694",94691,94691,47048,New South Wales
Hay Airport Aws,Hay,"https://www.google.com/maps?q=-34.5412,144.8345",94702,94702,75019,New South Wales
Bourke Airport Aws,Bourke,"https://www.google.com/maps?q=-30.0362,145.9521",94703,94703,48245,New South Wales
Cobar Airport Aws,Cobar Airport,"https://www.google.com/maps?q=-31.5388,145.7964",94710,94710,48237,New South Wales
Cobar Mo,Cobar,"https://www.google.com/maps?q=-31.484,145.8294",94711,94711,48027,New South Wales
Young Airport,Young,"https://www.google.com/maps?q=-34.2493,148.2475",94712,94712,73138,New South Wales
Forbes Airport Aws,Forbes,"https://www.google.com/maps?q=-33.3627,147.9205",94715,94715,65103,New South Wales
Mudgee Airport Aws,Mudgee,"https://www.google.com/maps?q=-32.5628,149.6149",94727,94727,62101,New South Wales
Bathurst Airport Aws,Bathurst,"https://www.google.com/maps?q=-33.4119,149.654",94729,94729,63291,New South Wales
Mount Boyce Aws,Mount Boyce,"https://www.google.com/maps?q=-33.6185,150.2741",94743,94743,63292,New South Wales
Moss Vale Aws,Moss Vale,"https://www.google.com/maps?q=-34.5253,150.4217",94746,94746,68239,New South Wales
Nowra Ran Air Station Aws,Nowra — HMAS Albatross,"https://www.google.com/maps?q=-34.9469,150.5353",94750,94750,68072,New South Wales
Badgerys Creek Aws,Badgerys Creek,"https://www.google.com/maps?q=-33.8969,150.7281",94752,94752,67108,New South Wales
Nullo Mountain Aws,Nullo Mountain,"https://www.google.com/maps?q=-32.7244,150.229",94754,94754,62100,New South Wales
Camden Airport Aws,Camden Airport,"https://www.google.com/maps?q=-34.039,150.689",94755,94755,68192,New South Wales
Campbelltown (Mount Annan),Campbelltown — Mount Annan,"https://www.google.com/maps?q=-34.0615,150.7735",94757,94757,68257,New South Wales
Terrey Hills Aws,Terrey Hills,"https://www.google.com/maps?q=-33.6908,151.2253",94759,94759,66059,New South Wales
Horsley Park Equestrian Centre Aws,Horsley Park Equestrian Centre,"https://www.google.com/maps?q=-33.851,150.8567",94760,94760,67119,New South Wales
Penrith Lakes Aws,Penrith Lakes,"https://www.google.com/maps?q=-33.7195,150.6783",94763,94763,67113,New South Wales
Bankstown Airport Aws,Bankstown Airport,"https://www.google.com/maps?q=-33.9176,150.9837",94765,94765,66137,New South Wales
Canterbury Racecourse Aws,Canterbury Racecourse,"https://www.google.com/maps?q=-33.9057,151.1134",94766,94766,66194,New South Wales
Sydney Airport Amo,Sydney Airport,"https://www.google.com/maps?q=-33.9465,151.1731",94767,94767,66037,New South Wales
Fort Denison,Fort Denison,"https://www.google.com/maps?q=-33.8551,151.2254",94769,94769,66022,New South Wales
Newcastle Nobbys Signal Station Aws,Newcastle — Nobbys Signal Station,"https://www.google.com/maps?q=-32.9184,151.7985",94774,94774,61055,New South Wales
Tocal Aws,Tocal,"https://www.google.com/maps?q=-32.6296,151.5919",94775,94775,61250,New South Wales
Williamtown Raaf,Williamtown — RAAF Base,"https://www.google.com/maps?q=-32.7939,151.8364",94776,94776,61078,New South Wales
Little Bay (The Coast Golf Club),Little Bay,"https://www.google.com/maps?q=-33.9829,151.2502",94780,94780,66051,New South Wales
Kempsey Airport Aws,Kempsey,"https://www.google.com/maps?q=-31.0711,152.7717",94785,94785,59007,New South Wales
Wagga Wagga Amo,Wagga Wagga,"https://www.google.com/maps?q=-35.1583,147.4575",94910,94910,72150,New South Wales
Perisher Valley Aws,Perisher Valley,"https://www.google.com/maps?q=-36.4069,148.4055",94915,94915,71075,New South Wales
Khancoban Aws,Khancoban,"https://www.google.com/maps?q=-36.2304,148.1405",94919,94919,72162,New South Wales
Cooma Airport Aws,Cooma,"https://www.google.com/maps?q=-36.2939,148.9725",94921,94921,70217,New South Wales
Braidwood Racecourse Aws,Braidwood Racecourse,"https://www.google.com/maps?q=-35.4253,149.7835",94927,94927,69132,New South Wales
Green Cape Aws,Green Cape,"https://www.google.com/maps?q=-37.2622,150.0504",94934,94934,69137,New South Wales
Ulladulla Aws,Ulladulla,"https://www.google.com/maps?q=-35.3635,150.4828",94938,94938,69138,New South Wales
Montague Island Lighthouse,Montague Island Lighthouse,"https://www.google.com/maps?q=-36.2519,150.2275",94939,94939,69017,New South Wales
Lord Howe Island Aero,Lord Howe Island,"https://www.google.com/maps?q=-31.5421,159.0786",94995,94995,200839,New South Wales
Tibooburra Airport,Tibooburra,"https://www.google.com/maps?q=-29.4448,142.0567",95485,95485,46126,New South Wales
Moree Aero,Moree,"https://www.google.com/maps?q=-29.4898,149.8471",95527,95527,53115,New South Wales
Grafton Airport Aws,Grafton,"https://www.google.com/maps?q=-29.7583,153.0297",95570,95570,58161,New South Wales
Grafton Research Stn,Grafton — Primary Industries Institute,"https://www.google.com/maps?q=-29.6224,152.9605",95571,95571,58077,New South Wales
Wilcannia Aerodrome Aws,Wilcannia,"https://www.google.com/maps?q=-31.5194,143.385",95695,95695,46012,New South Wales
Ivanhoe Aerodrome Aws,Ivanhoe,"https://www.google.com/maps?q=-32.8833,144.3092",95697,95697,49000,New South Wales
White Cliffs Aws,White Cliffs,"https://www.google.com/maps?q=-30.8522,143.0743",95699,95699,46129,New South Wales
Griffith Airport Aws,Griffith,"https://www.google.com/maps?q=-34.2487,146.0695",95704,95704,75041,New South Wales
Yanco Agricultural Institute,Yanco,"https://www.google.com/maps?q=-34.6222,146.4326",95705,95705,74037,New South Wales
Narrandera Airport Aws,Narrandera,"https://www.google.com/maps?q=-34.705,146.514",95706,95706,74148,New South Wales
Condobolin Airport Aws,Condobolin,"https://www.google.com/maps?q=-33.0682,147.2133",95708,95708,50137,New South Wales
West Wyalong Airport Aws,West Wyalong,"https://www.google.com/maps?q=-33.9382,147.1962",95709,95709,50017,New South Wales
Trangie Research Station Aws,Trangie,"https://www.google.com/maps?q=-31.9861,147.9489",95710,95710,51049,New South Wales
Walgett Airport Aws,Walgett,"https://www.google.com/maps?q=-30.0372,148.1223",95715,95715,52088,New South Wales
Goulburn Airport Aws,Goulburn,"https://www.google.com/maps?q=-34.8085,149.7311",95716,95716,70330,New South Wales
Parkes Airport Aws,Parkes,"https://www.google.com/maps?q=-33.1281,148.2428",95717,95717,65068,New South Wales
Coonamble Airport Aws,Coonamble,"https://www.google.com/maps?q=-30.9776,148.3798",95718,95718,51161,New South Wales
Dubbo Airport Aws,Dubbo,"https://www.google.com/maps?q=-32.2206,148.5753",95719,95719,65070,New South Wales
Cowra Airport Aws,Cowra,"https://www.google.com/maps?q=-33.8382,148.654",95721,95721,65111,New South Wales
Temora Airport,Temora,"https://www.google.com/maps?q=-34.4277,147.5117",95722,95722,73151,New South Wales
Orange Airport Aws,Orange,"https://www.google.com/maps?q=-33.3768,149.1263",95726,95726,63303,New South Wales
Coonabarabran Airport Aws,Coonabarabran,"https://www.google.com/maps?q=-31.333,149.2699",95728,95728,64017,New South Wales
Narrabri Airport Aws,Narrabri,"https://www.google.com/maps?q=-30.3154,149.8302",95734,95734,54038,New South Wales
Gunnedah Airport Aws,Gunnedah,"https://www.google.com/maps?q=-30.9537,150.2494",95740,95740,55202,New South Wales
Port Kembla Ntc Aws,Port Kembla,"https://www.google.com/maps?q=-34.4734,150.9118",95745,95745,68253,New South Wales
Murrurundi Gap Aws,Murrurundi Gap,"https://www.google.com/maps?q=-31.7416,150.7937",95747,95747,61392,New South Wales
Shellharbour Airport,Shellharbour,"https://www.google.com/maps?q=-34.5639,150.7924",95748,95748,68241,New South Wales
Kiama (Bombo Headland),Kiama,"https://www.google.com/maps?q=-34.6532,150.8609",95749,95749,68242,New South Wales
Wattamolla Aws,Wattamolla,"https://www.google.com/maps?q=-34.1407,151.1185",95752,95752,66208,New South Wales
Richmond Raaf,Richmond — RAAF Base,"https://www.google.com/maps?q=-33.6004,150.7761",95753,95753,67105,New South Wales
Merriwa (Roscommon),Merriwa — Roscommon,"https://www.google.com/maps?q=-32.1852,150.1737",95754,95754,61287,New South Wales
Kurnell Aws,Kurnell,"https://www.google.com/maps?q=-34.0039,151.2111",95756,95756,66043,New South Wales
Lucas Heights (Ansto),Lucas Heights,"https://www.google.com/maps?q=-34.0519,150.9825",95757,95757,66023,New South Wales
Scone Airport Aws,Scone,"https://www.google.com/maps?q=-32.0335,150.8264",95758,95758,61363,New South Wales
Tamworth Airport Aws,Tamworth,"https://www.google.com/maps?q=-31.0742,150.8362",95762,95762,55325,New South Wales
Sydney Olympic Park Aws (Archery Centre),Sydney Olympic Park,"https://www.google.com/maps?q=-33.8338,151.0718",95765,95765,66212,New South Wales
Wedding Cake West,Wedding Cake West,"https://www.google.com/maps?q=-33.8405,151.2643",95766,95766,66196,New South Wales
Lake Macquarie Aws,Lake Macquarie,"https://www.google.com/maps?q=-33.0887,151.4636",95767,95767,61412,New South Wales
North Head,North Head,"https://www.google.com/maps?q=-33.8152,151.2986",95768,95768,66197,New South Wales
Norah Head Aws,Norah Head,"https://www.google.com/maps?q=-33.2814,151.5766",95770,95770,61366,New South Wales
Cessnock Airport Aws,Cessnock,"https://www.google.com/maps?q=-32.7914,151.3369",95771,95771,61260,New South Wales
Armidale Airport Aws,Armidale,"https://www.google.com/maps?q=-30.5273,151.6158",95773,95773,56238,New South Wales
Mangrove Mountain Aws,Mangrove Mountain,"https://www.google.com/maps?q=-33.2894,151.2107",95774,95774,61375,New South Wales
Taree Airport Aws,Taree,"https://www.google.com/maps?q=-31.8895,152.512",95784,95784,60141,New South Wales
Deniliquin Airport Aws,Deniliquin,"https://www.google.com/maps?q=-35.5575,144.9458",95869,95869,74258,New South Wales
Albury Airport Aws,Albury,"https://www.google.com/maps?q=-36.069,146.9509",95896,95896,72160,New South Wales
Thredbo Aws,Thredbo,"https://www.google.com/maps?q=-36.4917,148.2859",95909,95909,71032,New South Wales
Cabramurra Smhea Aws,Cabramurra,"https://www.google.com/maps?q=-35.9371,148.3779",95916,95916,72161,New South Wales
Mount Ginini Aws,Mount Ginini,"https://www.google.com/maps?q=-35.5293,148.7721",95925,95925,70349,New South Wales
Merimbula Airport Aws,Merimbula,"https://www.google.com/maps?q=-36.9077,149.8989",95929,95929,69147,New South Wales
Bega Aws,Bega,"https://www.google.com/maps?q=-36.6722,149.8191",95931,95931,69139,New South Wales
Moruya Airport Aws,Moruya,"https://www.google.com/maps?q=-35.9004,150.1437",95937,95937,69148,New South Wales
Point Perpendicular Aws,Point Perpendicular,"https://www.google.com/maps?q=-35.0936,150.8049",95940,95940,68151,New South Wales
Lord Howe Island Windy Point,Lord Howe Island,"https://www.google.com/maps?q=-31.5381,159.0733",95995,95995,200715,New South Wales
Bellambi Aws,Bellambi,"https://www.google.com/maps?q=-34.3692,150.9291",94749,94749,68228,New South Wales
Bombala Aws,Bombala,"https://www.google.com/maps?q=-37.0015,149.2336",94929,94929,70328,New South Wales
Maningrida Airport,Maningrida,"https://www.google.com/maps?q=-12.0569,134.2339",95142,95142,14405,Northern Territory
Delamere Weapons Range,Delamere — Weapons Range,"https://www.google.com/maps?q=-15.7441,131.9181",94225,94225,14949,Northern Territory
Walungurru Airport,Walungurru,"https://www.google.com/maps?q=-23.2656,129.3844",94321,94321,15664,Northern Territory
Middle Point,Middle Point,"https://www.google.com/maps?q=-12.605,131.2988",95121,95121,14041,Northern Territory
Darwin Airport,Darwin Airport,"https://www.google.com/maps?q=-12.4239,130.8925",94120,94120,14015,Northern Territory
Port Keats Airport,Port Keats,"https://www.google.com/maps?q=-14.2494,129.5282",95111,95111,14948,Northern Territory
Milingimbi Airport,Milingimbi,"https://www.google.com/maps?q=-12.0932,134.8919",94140,94140,14404,Northern Territory
Tindal Raaf,Katherine — Tindal RAAF Base,"https://www.google.com/maps?q=-14.5229,132.3826",94131,94131,14932,Northern Territory
Mccluer Island,Mccluer Island,"https://www.google.com/maps?q=-11.0468,132.9791",94135,94135,14274,Northern Territory
Warruwi Airport,Warruwi,"https://www.google.com/maps?q=-11.65,133.3797",94139,94139,14401,Northern Territory
Pirlangimpi Airport,Pirlangimpi,"https://www.google.com/maps?q=-11.4021,130.4217",94119,94119,14142,Northern Territory
Charles Point,Charles Point,"https://www.google.com/maps?q=-12.3895,130.6306",99510_bom,99510,14031,Northern Territory
Point Fawcett,Point Fawcett,"https://www.google.com/maps?q=-11.7628,130.03",94122,94122,200731,Northern Territory
Bradshaw,Bradshaw,"https://www.google.com/maps?q=-14.9408,130.8091",94130,94130,14954,Northern Territory
Yulara Airport,Yulara,"https://www.google.com/maps?q=-25.1896,130.9737",94462,94462,15635,Northern Territory
Dum In Mirrie Airstrip,Dum In Mirrie Island,"https://www.google.com/maps?q=-12.635,130.3725",94116,94116,14277,Northern Territory
Mcarthur River Mine Airport,Mcarthur River Mine,"https://www.google.com/maps?q=-16.4423,136.076",94239,94239,14704,Northern Territory
Victoria River Downs,Victoria River Downs,"https://www.google.com/maps?q=-16.403,131.0145",94232,94232,14825,Northern Territory
Tennant Creek Airport,Tennant Creek,"https://www.google.com/maps?q=-19.6423,134.1833",94238,94238,15135,Northern Territory
Borroloola Airport,Borroloola,"https://www.google.com/maps?q=-16.0755,136.3041",94152,94152,14723,Northern Territory
Rabbit Flat,Rabbit Flat,"https://www.google.com/maps?q=-20.1823,130.0148",95322,95322,15666,Northern Territory
Douglas River Research Farm,Douglas Daly,"https://www.google.com/maps?q=-13.8345,131.1872",94128,94128,14901,Northern Territory
Daly Waters Airstrip,Daly Waters,"https://www.google.com/maps?q=-16.2637,133.3782",94234,94234,14626,Northern Territory
Jabiru Airport,Jabiru,"https://www.google.com/maps?q=-12.6592,132.894",94137,94137,14198,Northern Territory
Batchelor Airport,Batchelor,"https://www.google.com/maps?q=-13.0544,131.0252",94125,94125,14272,Northern Territory
Jervois,Jervois,"https://www.google.com/maps?q=-22.9494,136.1442",94327,94327,15602,Northern Territory
Lajamanu Airport,Lajamanu,"https://www.google.com/maps?q=-18.3324,130.6361",94231,94231,14829,Northern Territory
Bulman,Bulman,"https://www.google.com/maps?q=-13.6715,134.3415",94143,94143,14627,Northern Territory
Darwin Ntc Aws,Darwin — Waterfront,"https://www.google.com/maps?q=-12.4719,130.8458",95122,95122,14072,Northern Territory
Groote Eylandt Airport,Groote Eylandt,"https://www.google.com/maps?q=-13.9746,136.463",94153,94153,14518,Northern Territory
Territory Grape Farm,Territory Grape Farm,"https://www.google.com/maps?q=-22.4518,133.6377",94328,94328,15643,Northern Territory
Gunn Point,Gunn Point,"https://www.google.com/maps?q=-12.249,131.0449",99501_bom,99501,14023,Northern Territory
Centre Island,Centre Island,"https://www.google.com/maps?q=-15.7426,136.8192",94248,94248,14703,Northern Territory
Central Arnhem Plateau,Central Arnhem Plateau,"https://www.google.com/maps?q=-13.3275,133.0861",94141,94141,14909,Northern Territory
Alice Springs Airport,Alice Springs,"https://www.google.com/maps?q=-23.7951,133.889",94326,94326,15590,Northern Territory
Ngayawili,Ngayawili,"https://www.google.com/maps?q=-11.9971,135.5726",95146,95146,14517,Northern Territory
Cape Wessel,Cape Wessel,"https://www.google.com/maps?q=-11.0047,136.7586",94147,94147,200786,Northern Territory
Weipa Aero,Weipa,"https://www.google.com/maps?q=-12.6778,141.9208",94170,94170,27045,Queensland
Scherger Raaf,Aurukun — RAAF Base Scherger,"https://www.google.com/maps?q=-12.6167,142.0869",94171,94171,27075,Queensland
Horn Island,Horn Island,"https://www.google.com/maps?q=-10.5844,142.29",94174,94174,27058,Queensland
Coconut Island,Coconut Island,"https://www.google.com/maps?q=-10.0511,143.0686",94182,94182,27054,Queensland
Coen Airport,Coen Airport,"https://www.google.com/maps?q=-13.7606,143.1183",94183,94183,27073,Queensland
Lockhart River Airport,Lockhart River,"https://www.google.com/maps?q=-12.785,143.3047",94186,94186,28008,Queensland
Cape Flattery,Cape Flattery,"https://www.google.com/maps?q=-14.9672,145.3106",94188,94188,31213,Queensland
Camooweal Township,Camooweal,"https://www.google.com/maps?q=-19.9225,138.1214",94255,94255,37010,Queensland
Burketown Airport,Burketown,"https://www.google.com/maps?q=-17.7483,139.5356",94260,94260,29077,Queensland
Century Mine,Century Mine,"https://www.google.com/maps?q=-18.7569,138.7056",94261,94261,29167,Queensland
Normanton Airport,Normanton,"https://www.google.com/maps?q=-17.6872,141.0733",94266,94266,29063,Queensland
Kowanyama Airport,Kowanyama,"https://www.google.com/maps?q=-15.4818,141.7483",94268,94268,29038,Queensland
Georgetown Airport,Georgetown,"https://www.google.com/maps?q=-18.3039,143.5306",94274,94274,30124,Queensland
Palmerville,Palmerville,"https://www.google.com/maps?q=-15.9999,144.0754",94276,94276,28004,Queensland
Low Isles Lighthouse,Low Isles Lighthouse,"https://www.google.com/maps?q=-16.3842,145.5592",94285,94285,31037,Queensland
Cairns Aero,Cairns,"https://www.google.com/maps?q=-16.8736,145.7458",94287,94287,31011,Queensland
Townsville Aero,Townsville,"https://www.google.com/maps?q=-19.2483,146.7661",94294,94294,32040,Queensland
Cape Ferguson Ntc Aws,Cape Ferguson,"https://www.google.com/maps?q=-19.2774,147.0586",94297,94297,32182,Queensland
Mount Isa Aero,Mount Isa,"https://www.google.com/maps?q=-20.6778,139.4875",94332,94332,29127,Queensland
Cloncurry Airport,Cloncurry,"https://www.google.com/maps?q=-20.6664,140.505",94335,94335,29141,Queensland
The Monument Airport,The Monument Airport,"https://www.google.com/maps?q=-21.8125,139.9267",94336,94336,37034,Queensland
Julia Creek Airport,Julia Creek,"https://www.google.com/maps?q=-20.6672,141.7214",94337,94337,29058,Queensland
Trepell Airport,Trepell,"https://www.google.com/maps?q=-21.84,140.8925",94338,94338,37036,Queensland
Richmond Airport,Richmond,"https://www.google.com/maps?q=-20.7001,143.1137",94341,94341,30161,Queensland
Winton Airport,Winton,"https://www.google.com/maps?q=-22.3617,143.0836",94342,94342,37039,Queensland
Hughenden Airport,Hughenden,"https://www.google.com/maps?q=-20.8192,144.2333",94343,94343,30022,Queensland
Longreach Aero,Longreach,"https://www.google.com/maps?q=-23.4397,144.2828",94346,94346,36031,Queensland
Emerald Airport,Emerald,"https://www.google.com/maps?q=-23.5694,148.1756",94363,94363,35264,Queensland
Proserpine Airport,Proserpine,"https://www.google.com/maps?q=-20.4925,148.555",94365,94365,33247,Queensland
Mackay M.o,Mackay Harbour,"https://www.google.com/maps?q=-21.1172,149.2169",94367,94367,33119,Queensland
Hamilton Island Airport,Hamilton Island,"https://www.google.com/maps?q=-20.3658,148.9536",94368,94368,33106,Queensland
Samuel Hill Aero,Shoalwater Bay Airstrip,"https://www.google.com/maps?q=-22.7433,150.6578",94370,94370,33308,Queensland
Middle Percy Island,Middle Percy Island,"https://www.google.com/maps?q=-21.6628,150.2711",94372,94372,200001,Queensland
Yeppoon The Esplanade,Yeppoon,"https://www.google.com/maps?q=-23.1364,150.7506",94373,94373,33294,Queensland
Rockhampton Aero,Rockhampton,"https://www.google.com/maps?q=-23.3753,150.4775",94374,94374,39083,Queensland
Thangool Airport,Thangool,"https://www.google.com/maps?q=-24.4935,150.5709",94376,94376,39089,Queensland
Rundle Island,Rundle Island,"https://www.google.com/maps?q=-23.5322,151.2771",94378,94378,39322,Queensland
Gladstone Radar,Gladstone — Radar Hill,"https://www.google.com/maps?q=-23.8553,151.2628",94380,94380,39123,Queensland
Gladstone Airport,Gladstone Airport,"https://www.google.com/maps?q=-23.8697,151.2214",94381,94381,39326,Queensland
Bundaberg Aero,Bundaberg,"https://www.google.com/maps?q=-24.9069,152.323",94387,94387,39128,Queensland
Clermont Airport,Clermont,"https://www.google.com/maps?q=-22.7756,147.6217",94395,94395,35124,Queensland
Rolleston Airport,Rolleston,"https://www.google.com/maps?q=-24.4617,148.6264",94396,94396,35129,Queensland
Moranbah Airport,Moranbah,"https://www.google.com/maps?q=-22.0644,148.0758",94397,94397,34035,Queensland
Lochington,Lochington,"https://www.google.com/maps?q=-23.9424,147.525",94399,94399,35139,Queensland
Charleville Aero,Charleville,"https://www.google.com/maps?q=-26.4139,146.2558",94510,94510,44021,Queensland
Roma Airport,Roma Airport,"https://www.google.com/maps?q=-26.5477,148.771",94515,94515,43091,Queensland
St George Airport,St George,"https://www.google.com/maps?q=-28.0478,148.5957",94517,94517,43109,Queensland
Kingaroy Airport,Kingaroy,"https://www.google.com/maps?q=-26.5737,151.8398",94549,94549,40922,Queensland
Oakey Aero,Oakey,"https://www.google.com/maps?q=-27.4034,151.7413",94552,94552,41359,Queensland
Applethorpe,Applethorpe,"https://www.google.com/maps?q=-28.6217,151.9533",94553,94553,41175,Queensland
Warwick,Warwick,"https://www.google.com/maps?q=-28.2061,152.1003",94555,94555,41525,Queensland
University Of Queensland Gatton,Gatton,"https://www.google.com/maps?q=-27.5436,152.3375",94562,94562,40082,Queensland
Gympie,Gympie,"https://www.google.com/maps?q=-26.1831,152.6414",94566,94566,40093,Queensland
Maryborough,Maryborough,"https://www.google.com/maps?q=-25.5132,152.7152",94567,94567,40126,Queensland
Amberley Amo,Amberley Airport,"https://www.google.com/maps?q=-27.6297,152.7111",94568,94568,40004,Queensland
Sunshine Coast Airport,Sunshine Coast Airport,"https://www.google.com/maps?q=-26.599,153.0912",94569,94569,40861,Queensland
Tewantin Rsl Park,Tewantin,"https://www.google.com/maps?q=-26.3911,153.0403",94570,94570,40908,Queensland
Archerfield Airport,Archerfield Airport,"https://www.google.com/maps?q=-27.5716,153.0071",94575,94575,40211,Queensland
Brisbane,Brisbane — Kangaroo Point,"https://www.google.com/maps?q=-27.4808,153.0389",94576,94576,40913,Queensland
Brisbane Aero,Brisbane Airport,"https://www.google.com/maps?q=-27.3917,153.1292",94578,94578,40842,Queensland
Gold Coast Seaway,Gold Coast Seaway,"https://www.google.com/maps?q=-27.939,153.4283",94580,94580,40764,Queensland
Double Island Point Lighthouse,Double Island Point,"https://www.google.com/maps?q=-25.9319,153.1906",94584,94584,40068,Queensland
Inner Reciprocal Marker,Moreton Bay — Inner Reciprocal Marker,"https://www.google.com/maps?q=-27.2633,153.2419",94590,94590,40926,Queensland
Banana Bank North Beacon,Moreton Bay — Banana Bank North Beacon,"https://www.google.com/maps?q=-27.5327,153.3333",94591,94591,40925,Queensland
Cape Moreton Lighthouse,Cape Moreton Lighthouse,"https://www.google.com/maps?q=-27.0314,153.4661",94594,94594,40043,Queensland
Cooktown Airport,Cooktown,"https://www.google.com/maps?q=-15.4461,145.1861",95283,95283,31209,Queensland
Mareeba Airport,Mareeba,"https://www.google.com/maps?q=-17.0704,145.4293",95286,95286,31210,Queensland
South Johnstone Exp Stn,South Johnstone,"https://www.google.com/maps?q=-17.6053,145.9972",95292,95292,32037,Queensland
Ayr Dpi Research Stn,Ayr,"https://www.google.com/maps?q=-19.6169,147.3758",95295,95295,33002,Queensland
Alva Beach,Alva Beach,"https://www.google.com/maps?q=-19.4569,147.4833",95296,95296,33295,Queensland
Rosslyn Bay Ntc Aws,Rosslyn Bay,"https://www.google.com/maps?q=-23.161,150.7901",95298,95298,33208,Queensland
Blackall Airport,Blackall,"https://www.google.com/maps?q=-24.4303,145.4306",95351,95351,36034,Queensland
Mackay Aero,Mackay Airport,"https://www.google.com/maps?q=-21.1706,149.1794",95367,95367,33045,Queensland
St Lawrence,St Lawrence,"https://www.google.com/maps?q=-22.3472,149.5242",95369,95369,33210,Queensland
Birdsville Airport,Birdsville,"https://www.google.com/maps?q=-25.8975,139.3472",95482,95482,38026,Queensland
Ballera Gas Field,Durham,"https://www.google.com/maps?q=-27.4008,141.8114",95487,95487,45009,Queensland
Thargomindah Airport,Thargomindah,"https://www.google.com/maps?q=-27.9867,143.815",95492,95492,45025,Queensland
Miles Constance Street,Miles,"https://www.google.com/maps?q=-26.6569,150.1819",95529,95529,42112,Queensland
Gayndah Airport,Gayndah,"https://www.google.com/maps?q=-25.6167,151.6156",95543,95543,39066,Queensland
Toowoomba Airport,Toowoomba,"https://www.google.com/maps?q=-27.5425,151.9134",95551,95551,41529,Queensland
Hervey Bay Airport,Hervey Bay,"https://www.google.com/maps?q=-25.322,152.8817",95565,95565,40405,Queensland
Beerburrum Forest Station,Beerburrum,"https://www.google.com/maps?q=-26.9586,152.9619",95566,95566,40284,Queensland
Nambour Daff - Hillside,Nambour,"https://www.google.com/maps?q=-26.6442,152.9383",95572,95572,40988,Queensland
Beaudesert Drumley Street,Beaudesert,"https://www.google.com/maps?q=-27.9707,152.9898",95575,95575,40983,Queensland
Redcliffe,Redcliffe,"https://www.google.com/maps?q=-27.2169,153.0922",95591,95591,40958,Queensland
Hay Point,Hay Point,"https://www.google.com/maps?q=-21.2894,149.3008",99367_bom,99367,33317,Queensland
Williamson,Williamson,"https://www.google.com/maps?q=-22.4703,150.1786",95370,95370,33195,Queensland
Dalby Airport,Dalby,"https://www.google.com/maps?q=-27.1605,151.2633",94542,94542,41522,Queensland
Pukatja,Pukatja,"https://www.google.com/maps?q=-26.2635,132.1771",94474,94474,16097,South Australia
Oodnadatta Airport,Oodnadatta,"https://www.google.com/maps?q=-27.5553,135.4456",94476,94476,17043,South Australia
Nullarbor,Nullarbor,"https://www.google.com/maps?q=-31.4492,130.8976",94651,94651,18106,South Australia
Ceduna Amo,Ceduna,"https://www.google.com/maps?q=-32.1297,133.6976",94653,94653,18012,South Australia
Tarcoola Aero,Tarcoola,"https://www.google.com/maps?q=-30.7051,134.5786",94655,94655,16098,South Australia
Woomera Aerodrome,Woomera,"https://www.google.com/maps?q=-31.1558,136.8054",94659,94659,16001,South Australia
Cleve Aerodrome,Cleve,"https://www.google.com/maps?q=-33.7081,136.5026",94662,94662,18116,South Australia
Warburto Point,Warburto Point,"https://www.google.com/maps?q=-34.0041,137.528",94666,94666,22053,South Australia
Adelaide Airport,Adelaide Airport,"https://www.google.com/maps?q=-34.9524,138.5196",94672,94672,23034,South Australia
Leigh Creek Airport,Leigh Creek,"https://www.google.com/maps?q=-30.5963,138.4219",94674,94674,17110,South Australia
Hindmarsh Island Aws,Hindmarsh Island,"https://www.google.com/maps?q=-35.5194,138.8177",94677,94677,23894,South Australia
Mount Crawford Aws,Mount Crawford,"https://www.google.com/maps?q=-34.7253,138.9278",94678,94678,23878,South Australia
Nuriootpa Pirsa,Nuriootpa,"https://www.google.com/maps?q=-34.4761,139.0056",94681,94681,23373,South Australia
Loxton Research Centre,Loxton,"https://www.google.com/maps?q=-34.439,140.5978",94682,94682,24024,South Australia
Kuitpo Forest Reserve,Mount Lofty Ranges — Kuitpo Forest Reserve,"https://www.google.com/maps?q=-35.1712,138.6783",94683,94683,23887,South Australia
Yunta Airstrip,Yunta,"https://www.google.com/maps?q=-32.5707,139.5645",94684,94684,20062,South Australia
Kadina Aws,Kadina,"https://www.google.com/maps?q=-33.9703,137.6628",94685,94685,22050,South Australia
Austin Plains,Austin Plains,"https://www.google.com/maps?q=-35.3778,140.5378",94690,94690,25562,South Australia
Neptune Island,Neptune Island,"https://www.google.com/maps?q=-35.3365,136.1174",94804,94804,18115,South Australia
Parndana Cfs Aws,Parndana,"https://www.google.com/maps?q=-35.7916,137.2496",94807,94807,22843,South Australia
Noarlunga,Noarlunga,"https://www.google.com/maps?q=-35.1586,138.5057",94808,94808,23885,South Australia
Edithburgh,Edithburgh,"https://www.google.com/maps?q=-35.1121,137.7395",94809,94809,22046,South Australia
Second Valley Forest Aws,Fleurieu Peninsula — Second Valley Forest,"https://www.google.com/maps?q=-35.5695,138.2864",94811,94811,23875,South Australia
The Limestone,Cape Jaffa,"https://www.google.com/maps?q=-36.9655,139.7164",94813,94813,26095,South Australia
Strathalbyn Racecourse,Strathalbyn,"https://www.google.com/maps?q=-35.2836,138.8934",94814,94814,24580,South Australia
Coonawarra,Coonawarra,"https://www.google.com/maps?q=-37.2906,140.8254",94817,94817,26091,South Australia
Naracoorte Aerodrome,Naracoorte,"https://www.google.com/maps?q=-36.9813,140.727",94820,94820,26099,South Australia
Mount Gambier Aero,Mount Gambier,"https://www.google.com/maps?q=-37.7473,140.7739",94821,94821,26021,South Australia
Cape Willoughby,Cape Willoughby,"https://www.google.com/maps?q=-35.8426,138.1327",94822,94822,22803,South Australia
Coober Pedy Airport,Coober Pedy,"https://www.google.com/maps?q=-29.0347,134.7222",95458,95458,16090,South Australia
Marree Aero,Marree,"https://www.google.com/maps?q=-29.6587,138.0684",95480,95480,17126,South Australia
Moomba Airport,Moomba,"https://www.google.com/maps?q=-28.0997,140.1956",95481,95481,17123,South Australia
Thevenard Ntc Aws,Thevenard,"https://www.google.com/maps?q=-32.149,133.6416",95652,95652,18207,South Australia
Wudinna Aero,Wudinna,"https://www.google.com/maps?q=-33.043,135.4519",95654,95654,18083,South Australia
Olympic Dam Aerodrome,Olympic Dam,"https://www.google.com/maps?q=-30.4869,136.8739",95658,95658,16096,South Australia
Minlaton Aero,Minlaton,"https://www.google.com/maps?q=-34.748,137.5276",95659,95659,22031,South Australia
Port Lincoln Aws,Port Lincoln,"https://www.google.com/maps?q=-34.5993,135.8784",95661,95661,18192,South Australia
Minnipa Pirsa,Minnipa,"https://www.google.com/maps?q=-32.8427,135.1515",95662,95662,18195,South Australia
Cummins Aero,Cummins,"https://www.google.com/maps?q=-34.2524,135.7135",95663,95663,18217,South Australia
Whyalla Aero,Whyalla,"https://www.google.com/maps?q=-33.0539,137.5206",95664,95664,18120,South Australia
Port Augusta Aero,Port Augusta,"https://www.google.com/maps?q=-32.5073,137.7169",95666,95666,18201,South Australia
Clare High School,Clare,"https://www.google.com/maps?q=-33.8226,138.5933",95667,95667,21131,South Australia
Rayville Park,Rayville Park,"https://www.google.com/maps?q=-33.7676,138.2182",95670,95670,21133,South Australia
Roseworthy Aws,Roseworthy,"https://www.google.com/maps?q=-34.5106,138.6763",95671,95671,23122,South Australia
Black Pole,Black Pole,"https://www.google.com/maps?q=-34.7343,138.4653",95675,95675,23052,South Australia
Parafield Airport,Parafield Airport,"https://www.google.com/maps?q=-34.7977,138.6281",95677,95677,23013,South Australia
Mount Lofty,Mount Lofty,"https://www.google.com/maps?q=-34.9784,138.7088",95678,95678,23842,South Australia
Mount Terrible Radar,Sellicks Hill — Mount Terrible,"https://www.google.com/maps?q=-35.3294,138.5019",95679,95679,23886,South Australia
Renmark Aero,Renmark,"https://www.google.com/maps?q=-34.1983,140.6766",95687,95687,24048,South Australia
Cape Borda,Cape Borda,"https://www.google.com/maps?q=-35.7549,136.5959",95805,95805,22823,South Australia
Stenhouse Bay,Stenhouse Bay,"https://www.google.com/maps?q=-35.2795,136.9392",95806,95806,22049,South Australia
Kingscote Aero,Kangaroo Island,"https://www.google.com/maps?q=-35.7114,137.5231",95807,95807,22841,South Australia
Munkora,Munkora,"https://www.google.com/maps?q=-36.1058,140.3273",95815,95815,25557,South Australia
Robe Airfield,Robe,"https://www.google.com/maps?q=-37.1776,139.8054",95816,95816,26105,South Australia
Pallamana Aerodrome,Murray Bridge,"https://www.google.com/maps?q=-35.065,139.2273",95818,95818,24584,South Australia
Padthaway South,Padthaway South,"https://www.google.com/maps?q=-36.6539,140.5212",95823,95823,26100,South Australia
Edinburgh Raaf,North Adelaide — RAAF Base Edinburgh,"https://www.google.com/maps?q=-34.7111,138.6223",95676,95676,23083,South Australia
King Island Airport,King Island,"https://www.google.com/maps?q=-39.8804,143.8857",94850,94850,98017,Tasmania
Hogan Island,Hogan Island,"https://www.google.com/maps?q=-39.2225,146.9841",94949,94949,200838,Tasmania
Dunalley (Stroud Point),Dunalley — Stroud Point,"https://www.google.com/maps?q=-42.9017,147.7894",94951,94951,94254,Tasmania
Smithton Aerodrome,Smithton,"https://www.google.com/maps?q=-40.8347,145.0847",94953,94953,91292,Tasmania
Strahan Aerodrome,Strahan,"https://www.google.com/maps?q=-42.155,145.2908",94956,94956,97072,Tasmania
Ouse Fire Station,Ouse,"https://www.google.com/maps?q=-42.4842,146.7106",94957,94957,95048,Tasmania
Butlers Gorge,Butlers Gorge,"https://www.google.com/maps?q=-42.2753,146.2758",94959,94959,96003,Tasmania
Tunnack Fire Station,Tunnack,"https://www.google.com/maps?q=-42.4543,147.4612",94960,94960,94195,Tasmania
Maatsuyker Island Lighthouse,Maatsuyker Island Lighthouse,"https://www.google.com/maps?q=-43.6578,146.2711",94962,94962,94041,Tasmania
Bushy Park (Bushy Park Estates),Bushy Park,"https://www.google.com/maps?q=-42.7097,146.8983",94964,94964,95003,Tasmania
Launceston (Ti Tree Bend),Launceston — Ti Tree Bend,"https://www.google.com/maps?q=-41.4194,147.1219",94969,94969,91237,Tasmania
Hobart (Ellerslie Road),Hobart — Battery Point,"https://www.google.com/maps?q=-42.8897,147.3278",94970,94970,94029,Tasmania
Scottsdale (West Minstone Road),Scottsdale,"https://www.google.com/maps?q=-41.1708,147.4883",94972,94972,91219,Tasmania
Cape Sorell,Cape Sorell,"https://www.google.com/maps?q=-42.1986,145.17",94974,94974,97000,Tasmania
Hartz Mountain (Keoghs Pimple),Hartz Mountain — Keoghs Pimple,"https://www.google.com/maps?q=-43.2006,146.7683",94977,94977,94191,Tasmania
Flinders Island Airport,Flinders Island,"https://www.google.com/maps?q=-40.0911,148.0024",94980,94980,99005,Tasmania
Larapuna (Eddystone Point),Eddystone Point,"https://www.google.com/maps?q=-40.9928,148.3467",94983,94983,92045,Tasmania
Friendly Beaches,Friendly Beaches,"https://www.google.com/maps?q=-41.9953,148.2794",94987,94987,92114,Tasmania
Mount Read,Mount Read,"https://www.google.com/maps?q=-41.8444,145.5417",95952,95952,97085,Tasmania
Luncheon Hill (Forestry),Luncheon Hill Forest Reserve,"https://www.google.com/maps?q=-41.1492,145.1517",95956,95956,91259,Tasmania
Wynyard Airport,Wynyard,"https://www.google.com/maps?q=-40.9964,145.7311",95957,95957,91107,Tasmania
Scotts Peak Dam,Scotts Peak Dam,"https://www.google.com/maps?q=-43.0425,146.2722",95958,95958,97083,Tasmania
Liawenee,Liawenee,"https://www.google.com/maps?q=-41.8997,146.6694",95959,95959,96033,Tasmania
Devonport Airport,Devonport,"https://www.google.com/maps?q=-41.1701,146.4289",95960,95960,91126,Tasmania
Low Rocky Point,SW Tasmania — Low Rocky Point,"https://www.google.com/maps?q=-42.9831,145.5025",95961,95961,97080,Tasmania
Warra,Warra,"https://www.google.com/maps?q=-43.0609,146.704",95962,95962,97024,Tasmania
Burnie Ntc Aws,Burnie,"https://www.google.com/maps?q=-41.05,145.9149",95963,95963,91344,Tasmania
Low Head,Low Head,"https://www.google.com/maps?q=-41.0547,146.7874",95964,95964,91293,Tasmania
Launceston Airport,Launceston Airport,"https://www.google.com/maps?q=-41.5476,147.2156",95966,95966,91311,Tasmania
Cape Bruny (Cape Bruny),Cape Bruny,"https://www.google.com/maps?q=-43.4886,147.1444",95967,95967,94198,Tasmania
Campania (Kincora),Campania,"https://www.google.com/maps?q=-42.6867,147.4258",95972,95972,94212,Tasmania
Grove (Research Station),Grove,"https://www.google.com/maps?q=-42.9844,147.0756",95977,95977,94220,Tasmania
Kunanyi (Mount Wellington Pinnacle),Kunanyi — Mount Wellington Pinnacle,"https://www.google.com/maps?q=-42.895,147.2358",95979,95979,94087,Tasmania
St Helens Aerodrome,St Helens,"https://www.google.com/maps?q=-41.3381,148.2792",95981,95981,92120,Tasmania
Swan Island,Swan Island,"https://www.google.com/maps?q=-40.7292,148.125",95985,95985,92123,Tasmania
Tasman Island,Tasman Island,"https://www.google.com/maps?q=-43.2397,148.0025",95986,95986,94155,Tasmania
Spring Bay Ntc Aws,Spring Bay,"https://www.google.com/maps?q=-42.5464,147.9308",95987,95987,92133,Tasmania
Maria Island (Point Lesueur),Maria Island,"https://www.google.com/maps?q=-42.6621,148.0179",95988,95988,92124,Tasmania
Sheffield School Farm,Sheffield,"https://www.google.com/maps?q=-41.389,146.3173",94955,94955,91291,Tasmania
Kennaook/cape Grim,Kennaook — Cape Grim,"https://www.google.com/maps?q=-40.6764,144.6922",95954,95954,91331,Tasmania
Mawson,Mawson,"https://www.google.com/maps?q=-67.6017,62.8753",89564,89564,300001,UNKNOWN
Davis,Davis,"https://www.google.com/maps?q=-68.5744,77.9672",89571,89571,300000,UNKNOWN
Casey,Casey,"https://www.google.com/maps?q=-66.2825,110.5231",89611,89611,300017,UNKNOWN
G3,Antarctica — G3,"https://www.google.com/maps?q=-70.8919,69.8725",89767,89767,300039,UNKNOWN
Rowley Shoals,Rowley Shoals — Imperieuse Lighthouse,"https://www.google.com/maps?q=-17.5217,118.9531",94207,94207,200713,UNKNOWN
Arlington Reef,Arlington Reef,"https://www.google.com/maps?q=-16.7226,146.1124",94284,94284,200879,UNKNOWN
Holmes Reef,Holmes Reef,"https://www.google.com/maps?q=-16.4683,147.8734",94289,94289,200732,UNKNOWN
Flinders Reef,Flinders Reef,"https://www.google.com/maps?q=-17.7195,148.4478",94290,94290,200783,UNKNOWN
Lihou Reef Lighthouse,Lihou Reef Lighthouse,"https://www.google.com/maps?q=-17.133,152.145",94293,94293,200880,UNKNOWN
Marion Reef,Marion Reef,"https://www.google.com/maps?q=-19.0964,152.3892",94298,94298,200704,UNKNOWN
Willis Island,Willis Island,"https://www.google.com/maps?q=-16.2878,149.9652",94299,94299,200283,UNKNOWN
Creal Reef,Creal Reef,"https://www.google.com/maps?q=-20.5303,150.3773",94371,94371,200736,UNKNOWN
Gannet Cay,Gannet Cay,"https://www.google.com/maps?q=-21.9769,152.4707",94379,94379,200831,UNKNOWN
Heron Island Res Stn,Heron Island,"https://www.google.com/maps?q=-23.4417,151.9125",94386,94386,39122,UNKNOWN
Lady Elliot Island,Lady Elliot Island,"https://www.google.com/maps?q=-24.1116,152.7161",94388,94388,39059,UNKNOWN
Frederick Reef,Frederick Reef,"https://www.google.com/maps?q=-20.9375,154.4019",94393,94393,200701,UNKNOWN
Cato Island,Cato Island,"https://www.google.com/maps?q=-23.2503,155.542",94394,94394,200601,UNKNOWN
Wilsons Promontory Lighthouse,Wilsons Promontory Lighthouse,"https://www.google.com/maps?q=-39.1297,146.4246",94893,94893,85096,UNKNOWN
Norfolk Island Aero,Norfolk Island,"https://www.google.com/maps?q=-29.0389,167.9408",94996,94996,200288,UNKNOWN
Macquarie Island,Macquarie Island,"https://www.google.com/maps?q=-54.4994,158.9369",94998,94998,300004,UNKNOWN
Bougainville Reef,Bougainville Reef,"https://www.google.com/maps?q=-15.4877,147.1183",95288,95288,200840,UNKNOWN
Christmas Island Aero,Christmas Island,"https://www.google.com/maps?q=-10.4515,105.689",96995,96995,200790,UNKNOWN
Cocos Island Airport,Cocos Island,"https://www.google.com/maps?q=-12.1892,96.8344",96996,96996,200284,UNKNOWN
Mildura Airport,Mildura,"https://www.google.com/maps?q=-34.2358,142.0867",94693,94693,76031,Victoria
Cape Nelson Lighthouse,Cape Nelson Lighthouse,"https://www.google.com/maps?q=-38.4306,141.5437",94826,94826,90184,Victoria
Nhill Aerodrome,Nhill,"https://www.google.com/maps?q=-36.3093,141.6486",94827,94827,78015,Victoria
Hamilton Airport,Hamilton,"https://www.google.com/maps?q=-37.6486,142.0636",94829,94829,90173,Victoria
Mount William,Mount William,"https://www.google.com/maps?q=-37.295,142.6039",94833,94833,79103,Victoria
Ben Nevis,Ben Nevis,"https://www.google.com/maps?q=-37.2281,143.2005",94835,94835,79101,Victoria
Stawell Aerodrome,Stawell,"https://www.google.com/maps?q=-37.072,142.7402",94836,94836,79105,Victoria
Hopetoun Airport,Hopetoun,"https://www.google.com/maps?q=-35.7151,142.3569",94838,94838,77010,Victoria
Charlton,Charlton,"https://www.google.com/maps?q=-36.2846,143.3341",94839,94839,80128,Victoria
Mortlake Racecourse,Mortlake,"https://www.google.com/maps?q=-38.0737,142.7744",94840,94840,90176,Victoria
Cape Otway Lighthouse,Cape Otway Lighthouse,"https://www.google.com/maps?q=-38.8557,143.513",94842,94842,90015,Victoria
Swan Hill Aerodrome,Swan Hill,"https://www.google.com/maps?q=-35.3766,143.5416",94843,94843,77094,Victoria
Aireys Inlet,Aireys Inlet,"https://www.google.com/maps?q=-38.4583,144.0883",94846,94846,90180,Victoria
Ballarat Aerodrome,Ballarat,"https://www.google.com/maps?q=-37.5127,143.7911",94852,94852,89002,Victoria
South Channel Island,South Channel Island,"https://www.google.com/maps?q=-38.3065,144.8016",94853,94853,86344,Victoria
Avalon Airport,Melbourne — Avalon Airport,"https://www.google.com/maps?q=-38.0288,144.4783",94854,94854,87113,Victoria
Bendigo Airport,Bendigo,"https://www.google.com/maps?q=-36.7411,144.3274",94855,94855,81123,Victoria
Geelong Racecourse,Geelong,"https://www.google.com/maps?q=-38.1737,144.3765",94857,94857,87184,Victoria
Redesdale,Redesdale,"https://www.google.com/maps?q=-37.0194,144.5203",94859,94859,88051,Victoria
Kilmore Gap,Wallan — Kilmore Gap,"https://www.google.com/maps?q=-37.3807,144.9654",94860,94860,88162,Victoria
Yarrawonga,Yarrawonga,"https://www.google.com/maps?q=-36.0294,146.0305",94862,94862,81124,Victoria
Coldstream,Coldstream,"https://www.google.com/maps?q=-37.7239,145.4092",94864,94864,86383,Victoria
Laverton Raaf,Laverton — RAAF Base Williams,"https://www.google.com/maps?q=-37.8565,144.7565",94865,94865,87031,Victoria
Melbourne Airport,Melbourne Airport,"https://www.google.com/maps?q=-37.6654,144.8322",94866,94866,86282,Victoria
Moorabbin Airport,Moorabbin Airport,"https://www.google.com/maps?q=-37.98,145.0962",94870,94870,86077,Victoria
Frankston Beach,Frankston Beach,"https://www.google.com/maps?q=-38.148,145.1152",94871,94871,86371,Victoria
Ferny Creek,Ferny Creek,"https://www.google.com/maps?q=-37.8748,145.3497",94872,94872,86266,Victoria
Mangalore Airport,Mangalore,"https://www.google.com/maps?q=-36.8886,145.1859",94874,94874,88109,Victoria
Shepparton Airport,Shepparton,"https://www.google.com/maps?q=-36.4288,145.3949",94875,94875,81125,Victoria
Hunters Hill,Hunters Hill,"https://www.google.com/maps?q=-36.2137,147.5395",94878,94878,82139,Victoria
Eildon Fire Tower,"Eildon, Victoria","https://www.google.com/maps?q=-37.2091,145.8423",94881,94881,88164,Victoria
Pound Creek,Pound Creek,"https://www.google.com/maps?q=-38.6297,145.8107",94886,94886,85099,Victoria
Wangaratta Aero,Wangaratta,"https://www.google.com/maps?q=-36.4205,146.3056",94889,94889,82138,Victoria
Latrobe Valley Airport,Latrobe Valley Airport,"https://www.google.com/maps?q=-38.2094,146.4746",94891,94891,85280,Victoria
Rhyll,Rhyll,"https://www.google.com/maps?q=-38.4612,145.3101",94892,94892,86373,Victoria
Mount Buller,Mount Buller,"https://www.google.com/maps?q=-37.145,146.4394",94894,94894,83024,Victoria
Cerberus,Cerberus,"https://www.google.com/maps?q=-38.3646,145.1785",94898,94898,86361,Victoria
Falls Creek,Falls Creek,"https://www.google.com/maps?q=-36.8708,147.2755",94903,94903,83084,Victoria
Mount Hotham Airport,Mount Hotham Airport,"https://www.google.com/maps?q=-37.0491,147.3347",94905,94905,83055,Victoria
Mount Hotham,Mount Hotham,"https://www.google.com/maps?q=-36.9772,147.1342",94906,94906,83085,Victoria
Omeo,Omeo,"https://www.google.com/maps?q=-37.1017,147.6008",94908,94908,83090,Victoria
Bairnsdale Airport,Bairnsdale,"https://www.google.com/maps?q=-37.8818,147.5669",94912,94912,85279,Victoria
Gelantipy,Gelantipy,"https://www.google.com/maps?q=-37.22,148.2626",94913,94913,84142,Victoria
Combienbar Aws,Combienbar,"https://www.google.com/maps?q=-37.3416,149.0227",94914,94914,84143,Victoria
Mount Nowa Nowa,Mount Nowa Nowa,"https://www.google.com/maps?q=-37.6924,148.0908",94930,94930,84144,Victoria
Gabo Island Lighthouse,Gabo Island Lighthouse,"https://www.google.com/maps?q=-37.5679,149.9158",94933,94933,84016,Victoria
Mallacoota,Mallacoota,"https://www.google.com/maps?q=-37.5976,149.7289",94935,94935,84084,Victoria
Dartmoor,Dartmoor,"https://www.google.com/maps?q=-37.9222,141.2614",95822,95822,90194,Victoria
Portland Ntc Aws,Portland — Lee Breakwater,"https://www.google.com/maps?q=-38.3439,141.6136",95826,95826,90192,Victoria
Kanagulk,Kanagulk,"https://www.google.com/maps?q=-37.1169,141.8031",95827,95827,79097,Victoria
Walpeup Research,Walpeup,"https://www.google.com/maps?q=-35.1201,142.004",95831,95831,76064,Victoria
Edenhope Airport,Edenhope,"https://www.google.com/maps?q=-37.0222,141.2657",95832,95832,79099,Victoria
Kyabram,Kyabram,"https://www.google.com/maps?q=-36.335,145.0638",95833,95833,80091,Victoria
Longerenong,Longerenong,"https://www.google.com/maps?q=-36.6722,142.2991",95835,95835,79028,Victoria
Tatura Inst Sustainable Ag,Tatura,"https://www.google.com/maps?q=-36.4379,145.2673",95836,95836,81049,Victoria
Rutherglen Research,Rutherglen,"https://www.google.com/maps?q=-36.1048,146.5094",95837,95837,82039,Victoria
Horsham Aerodrome,Horsham,"https://www.google.com/maps?q=-36.6699,142.1733",95839,95839,79100,Victoria
Westmere,Westmere,"https://www.google.com/maps?q=-37.7067,142.9378",95840,95840,89112,Victoria
St Kilda Harbour - Rmys,St Kilda Harbour,"https://www.google.com/maps?q=-37.864,144.9639",95864,95864,86220,Victoria
Essendon Airport,Melbourne — Essendon Airport,"https://www.google.com/maps?q=-37.7276,144.9066",95866,95866,86038,Victoria
Scoresby Research Institute,Melbourne — Scoresby,"https://www.google.com/maps?q=-37.871,145.2561",95867,95867,86104,Victoria
Fawkner Beacon,Port Phillip — Fawkner Beacon,"https://www.google.com/maps?q=-37.9483,144.9269",95872,95872,86376,Victoria
Viewbank,Melbourne — Viewbank,"https://www.google.com/maps?q=-37.7408,145.0972",95874,95874,86068,Victoria
Yarram Airport,Yarram,"https://www.google.com/maps?q=-38.5647,146.7479",95890,95890,85151,Victoria
Mount Baw Baw,Mount Baw Baw,"https://www.google.com/maps?q=-37.8384,146.2747",95901,95901,85291,Victoria
Mount Moornapa,Mount Moornapa,"https://www.google.com/maps?q=-37.7481,147.1428",95913,95913,85296,Victoria
Orbost,Orbost,"https://www.google.com/maps?q=-37.6922,148.4667",95918,95918,84145,Victoria
Portland Airport,Portland Airport,"https://www.google.com/maps?q=-38.3148,141.4705",94828,94828,90171,Victoria
Port Fairy Aws,Port Fairy,"https://www.google.com/maps?q=-38.3906,142.2348",94830,94830,90175,Victoria
Warrnambool Airport Ndb,Warrnambool,"https://www.google.com/maps?q=-38.2869,142.4524",94837,94837,90186,Victoria
Point Wilson,Point Wilson,"https://www.google.com/maps?q=-38.0958,144.5361",94847,94847,87166,Victoria
She Oaks,She Oaks,"https://www.google.com/maps?q=-37.9075,144.1303",94863,94863,87168,Victoria
Casterton,Casterton,"https://www.google.com/maps?q=-37.583,141.3339",95825,95825,90182,Victoria
Mount Gellibrand,Mount Gellibrand,"https://www.google.com/maps?q=-38.2333,143.7924",95845,95845,90035,Victoria
Kalumburu,Kalumburu,"https://www.google.com/maps?q=-14.2964,126.6453",94100,94100,1019,Western Australia
Troughton Island,Troughton Island,"https://www.google.com/maps?q=-13.7542,126.1485",94102,94102,1007,Western Australia
Mandora,Mandora,"https://www.google.com/maps?q=-19.7419,120.8433",94200,94200,4019,Western Australia
Broome Airport,Broome Airport,"https://www.google.com/maps?q=-17.9475,122.2352",94203,94203,3003,Western Australia
Curtin Aero,Derby — RAAF Base Curtin,"https://www.google.com/maps?q=-17.5768,123.8297",94204,94204,3080,Western Australia
Fitzroy Crossing Aero,Fitzroy Crossing,"https://www.google.com/maps?q=-18.1814,125.5619",94206,94206,3093,Western Australia
Adele Island,Adele Island,"https://www.google.com/maps?q=-15.5114,123.1556",94210,94210,200735,Western Australia
Kununurra Aero,Kununurra,"https://www.google.com/maps?q=-15.7814,128.71",94216,94216,2056,Western Australia
Argyle Aerodrome,Argyle Aerodrome,"https://www.google.com/maps?q=-16.638,128.4516",94217,94217,2064,Western Australia
Carnarvon Airport,Carnarvon,"https://www.google.com/maps?q=-24.8878,113.67",94300,94300,6011,Western Australia
Learmonth Airport,Exmouth — Learmonth,"https://www.google.com/maps?q=-22.2406,114.0967",94302,94302,5007,Western Australia
Thevenard Island,Thevenard Island,"https://www.google.com/maps?q=-21.4609,115.0188",94303,94303,5084,Western Australia
Mardie,Mardie,"https://www.google.com/maps?q=-21.1906,115.9797",94306,94306,5008,Western Australia
Legendre Island,Legendre Island,"https://www.google.com/maps?q=-20.3583,116.8431",94307,94307,4095,Western Australia
Roebourne Aero,Roebourne,"https://www.google.com/maps?q=-20.7594,117.1583",94308,94308,4090,Western Australia
Port Hedland Airport,Port Hedland,"https://www.google.com/maps?q=-20.3725,118.6317",94312,94312,4032,Western Australia
Paraburdoo Aero,Paraburdoo,"https://www.google.com/maps?q=-23.1726,117.7493",94316,94316,7185,Western Australia
Newman Aero,Newman,"https://www.google.com/maps?q=-23.4213,119.8023",94317,94317,7176,Western Australia
Emu Creek Station,Emu Creek Station,"https://www.google.com/maps?q=-23.0314,115.0414",94318,94318,6072,Western Australia
Telfer Aero,Telfer,"https://www.google.com/maps?q=-21.7125,122.2281",94319,94319,13030,Western Australia
Geraldton Airport,Geraldton,"https://www.google.com/maps?q=-28.8047,114.6989",94403,94403,8315,Western Australia
North Island,North Island,"https://www.google.com/maps?q=-28.3009,113.5937",94405,94405,8290,Western Australia
Morawa Airport,Morawa,"https://www.google.com/maps?q=-29.2039,116.0247",94417,94417,8296,Western Australia
Mount Magnet Aero,Mount Magnet,"https://www.google.com/maps?q=-28.1156,117.8425",94429,94429,7600,Western Australia
Meekatharra Airport,Meekatharra,"https://www.google.com/maps?q=-26.6136,118.5372",94430,94430,7045,Western Australia
Laverton Aero,Laverton,"https://www.google.com/maps?q=-28.6133,122.4236",94449,94449,12305,Western Australia
Leonora Aero,Leonora,"https://www.google.com/maps?q=-28.8789,121.3186",94450,94450,12241,Western Australia
Warburton Airfield,Warburton,"https://www.google.com/maps?q=-26.1317,126.5839",94457,94457,13011,Western Australia
Giles Meteorological Office,Giles Weather Station — Warakurna,"https://www.google.com/maps?q=-25.0341,128.301",94461,94461,13017,Western Australia
Cape Naturaliste,Cape Naturaliste,"https://www.google.com/maps?q=-33.5372,115.0189",94600,94600,9519,Western Australia
Cape Leeuwin,Cape Leeuwin,"https://www.google.com/maps?q=-34.3728,115.1358",94601,94601,9518,Western Australia
Rottnest Island,Rottnest Island,"https://www.google.com/maps?q=-32.0069,115.5022",94602,94602,9193,Western Australia
Badgingarra Research Stn,Badgingarra,"https://www.google.com/maps?q=-30.3381,115.5394",94603,94603,9037,Western Australia
Bunbury,Bunbury,"https://www.google.com/maps?q=-33.3567,115.6447",94604,94604,9965,Western Australia
Mandurah,Mandurah,"https://www.google.com/maps?q=-32.5219,115.7119",94605,94605,9977,Western Australia
Ocean Reef,Ocean Reef,"https://www.google.com/maps?q=-31.7594,115.7278",94607,94607,9214,Western Australia
Perth Metro,Perth Metro,"https://www.google.com/maps?q=-31.9192,115.8728",94608,94608,9225,Western Australia
Jandakot Aero,South Perth — Jandakot Airport,"https://www.google.com/maps?q=-32.1011,115.8794",94609,94609,9172,Western Australia
Perth Airport,Perth Airport,"https://www.google.com/maps?q=-31.9275,115.9764",94610,94610,9021,Western Australia
Pearce Raaf,Bullsbrook — RAAF Base Pearce,"https://www.google.com/maps?q=-31.6669,116.0189",94612,94612,9053,Western Australia
Swanbourne,Swanbourne,"https://www.google.com/maps?q=-31.956,115.7619",94614,94614,9215,Western Australia
Gooseberry Hill,Gooseberry Hill,"https://www.google.com/maps?q=-31.9414,116.0506",94615,94615,9204,Western Australia
Manjimup,Manjimup,"https://www.google.com/maps?q=-34.2508,116.145",94617,94617,9573,Western Australia
Dwellingup,Dwellingup,"https://www.google.com/maps?q=-32.7103,116.0594",94620,94620,9538,Western Australia
Newdegate Research Station,Newdegate,"https://www.google.com/maps?q=-33.1129,118.84",94628,94628,10692,Western Australia
Rocky Gully,Rocky Gully,"https://www.google.com/maps?q=-34.5714,117.0106",94631,94631,9964,Western Australia
Kalgoorlie-boulder Airport,Kalgoorlie-Boulder,"https://www.google.com/maps?q=-30.7847,121.4533",94637,94637,12038,Western Australia
Esperance,Esperance,"https://www.google.com/maps?q=-33.83,121.8925",94638,94638,9789,Western Australia
Katanning,Katanning,"https://www.google.com/maps?q=-33.6856,117.6064",94641,94641,10916,Western Australia
Eucla,Eucla,"https://www.google.com/maps?q=-31.6797,128.8958",94647,94647,11003,Western Australia
Albany Airport,Albany,"https://www.google.com/maps?q=-34.9411,117.8158",94802,94802,9999,Western Australia
Truscott,Truscott,"https://www.google.com/maps?q=-14.09,126.3867",95101,95101,1020,Western Australia
Broome Ntc Aws,Broome Port,"https://www.google.com/maps?q=-18.0015,122.2176",95202,95202,3102,Western Australia
Derby Aero,Derby,"https://www.google.com/maps?q=-17.3706,123.6611",95205,95205,3032,Western Australia
Wyndham Aero,Wyndham,"https://www.google.com/maps?q=-15.51,128.1503",95214,95214,1006,Western Australia
Varanus Island,Varanus Island,"https://www.google.com/maps?q=-20.655,115.5769",95303,95303,200100,Western Australia
Barrow Island Airport,Barrow Island,"https://www.google.com/maps?q=-20.874,115.4066",95304,95304,5094,Western Australia
Onslow Airport,Onslow,"https://www.google.com/maps?q=-21.6689,115.1092",95305,95305,5017,Western Australia
Karratha Aero,Karratha,"https://www.google.com/maps?q=-20.7097,116.7742",95307,95307,4083,Western Australia
Marble Bar,Marble Bar,"https://www.google.com/maps?q=-21.1756,119.7497",95317,95317,4106,Western Australia
Shark Bay Airport,Shark Bay,"https://www.google.com/maps?q=-25.8925,113.5772",95402,95402,6105,Western Australia
Leinster Aero,Leinster,"https://www.google.com/maps?q=-27.8386,120.7031",95448,95448,12314,Western Australia
Busselton Jetty,Busselton Jetty,"https://www.google.com/maps?q=-33.6294,115.3383",95602,95602,9937,Western Australia
Hillarys Boat Harbour Ntc Aws,Hillarys Boat Harbour,"https://www.google.com/maps?q=-31.8256,115.7386",95605,95605,9265,Western Australia
Garden Island Hsf,Garden Island Airport,"https://www.google.com/maps?q=-32.2433,115.6839",95607,95607,9256,Western Australia
Bickley,Bickley,"https://www.google.com/maps?q=-32.0072,116.1369",95610,95610,9240,Western Australia
Busselton Aero,Busselton Airport,"https://www.google.com/maps?q=-33.6818,115.4026",95611,95611,9603,Western Australia
Gingin Aero,Yeal — RAAF Base Gingin,"https://www.google.com/maps?q=-31.4628,115.8642",95612,95612,9178,Western Australia
Inner Dolphin Pylon,Swan River — Inner Dolphin Pylon,"https://www.google.com/maps?q=-31.9889,115.8311",95620,95620,9091,Western Australia
Collie East,Collie East,"https://www.google.com/maps?q=-33.3608,116.1717",95621,95621,9994,Western Australia
Cunderdin Airfield,Cunderdin,"https://www.google.com/maps?q=-31.6219,117.2217",95625,95625,10286,Western Australia
Dalwallinu,Dalwallinu,"https://www.google.com/maps?q=-30.2761,116.6714",95629,95629,8297,Western Australia
Bridgetown,Bridgetown,"https://www.google.com/maps?q=-33.9486,116.1311",95632,95632,9617,Western Australia
Southern Cross Airfield,Southern Cross,"https://www.google.com/maps?q=-31.2353,119.3564",95634,95634,12320,Western Australia
Hopetoun North,Hopetoun North,"https://www.google.com/maps?q=-33.9306,120.1283",95635,95635,9961,Western Australia
Jacup,Jacup,"https://www.google.com/maps?q=-33.8878,119.1092",95636,95636,10905,Western Australia
Lake Grace,Lake Grace,"https://www.google.com/maps?q=-33.1006,118.4647",95637,95637,10911,Western Australia
Esperance Aero,Esperance Airport,"https://www.google.com/maps?q=-33.6825,121.8275",95638,95638,9542,Western Australia
Salmon Gums Res.stn.,Salmon Gums,"https://www.google.com/maps?q=-32.9869,121.6239",95639,95639,12071,Western Australia
Wandering,Wandering,"https://www.google.com/maps?q=-32.6722,116.6706",95640,95640,10917,Western Australia
Norseman Aero,Norseman,"https://www.google.com/maps?q=-32.2147,121.7547",95642,95642,12009,Western Australia
Munglinup West,Munglinup West,"https://www.google.com/maps?q=-33.5547,120.6997",95644,95644,12044,Western Australia
Forrest,Forrest,"https://www.google.com/maps?q=-30.8453,128.1092",95646,95646,11052,Western Australia
North Walpole,North Walpole,"https://www.google.com/maps?q=-34.9469,116.7222",95647,95647,9998,Western Australia
Esperance Ntc Aws,Esperance Harbour,"https://www.google.com/maps?q=-33.8707,121.8971",95648,95648,109504,Western Australia
Armament Jetty,Garden Island — Armament Jetty,"https://www.google.com/maps?q=-32.1758,115.6808",99254_bom,99254,9254,Western Australia
Colpoys Point,Garden Island — Colpoys Point,"https://www.google.com/maps?q=-32.2272,115.6994",99255_bom,99255,9255,Western Australia
